Site,Domain Rating,Total Backlinks,Total Keywords,Total Traffic
ferryads.com,1,44,0,0
gotlice.nyc,0,2,0,0
gradoassociates.com,0,5,0,0
kemenycpa.com,0,5,0,0
rainbowcct.com,0,10,0,0
selectpop.com,0,12,0,0
framboisecatering.com#home,,0,0,0
lionsprideleadership.com,8,55,1,0
prcision.com,7,170,1,0
postbot.us,6,113,1,0
gigispecialtypharmacy.com,1,7,1,0
milano4you.com,0,10,1,0
siuh.edu,46,4629,2,16
shemediany.com,0,5,2,1
oecny.com,0,54,2,0
doreenminserracpa.net,0,75,4,0
marianawassef.com,0,6,4,0
prinziandco.com,0,16,4,0
showtimepublications.wordpress.com,0,3,4,0
constructiveconcepts.com,0,30,5,5
timelessme.com,6,499,5,1
designertouchinteriors.net,0,11,5,1
inspireis.com,6,16,6,0
nyhomeinspector.vpweb.com,82,56,7,6
goldenkeyinteriors.com,1,24,7,3
wealthandlegacygroup.com,3,52,7,1
wdcpa.com,0,96,7,0
martech.nyc,18,15,8,1
nyc-craniosacral.com,2,182,8,0
fuscoassociates.com,0,22,9,10
rampulla.net,5,30,11,37
jvnr.com,0,13,13,32
iliceto.com,0,7,13,1
ptvantage.com,0,26,14,10
statenartsphotography.com,0,84,14,1
jcdangelocpa.com,1,28,15,1
behrinslaw.com,0,37,16,13
naso-organization.com,1,96,16,0
aiasiny.com,0,4,17,0
si-nyc.com,0,293,17,0
richmondelevator.com,1,24,18,48
cdsystems.com,28,204,18,13
kmckernanlaw.com,2,136,18,4
p1servicesonline.com,2,101,18,4
familylimousinesi.com,,1,18,3
loveyourfurnitureagain.com,1,10,18,0
apexcreditsolutions.com,0,83,19,23
russoappraisals.com,2,122,19,1
dtgcpas.com,1,48,19,0
kmelawyer.com,0,12,20,3
hanleyfuneralhomeinc.com,3,67,21,148
tremerandtremer.com,0,47,21,1
vanalphenbros.com,4,37,22,31
jacobsoncontracting.com,4,61,22,29
avsarch.com,2,9,22,2
kathyskapersgcllc.com,0,70,22,1
thehallofframes.com,11,1518,23,84
otterbecklaw.com,3,54,23,16
kcmplumbing.us,0,36,25,19
beeforeverevents.com,2,18,25,2
mlmpublicrelations.com,5,44,25,0
mlattorneys.com,9,6617,26,94
newworldprep.org,7,53,29,181
radio.edelmanfinancialengines.com,56,103,29,170
molloyelectric.com,1,7,29,7
platmtg.com,4,101,34,98
baltmans.com,0,183,34,4
nicholasmoccialaw.com,2,421,34,2
gkplumbingsupply.com,0,5,35,69
cbvlaw.com,0,5,35,16
domegroup.com,18,127,36,98
stgeorgepharmacy.org,3,62,36,32
portrichmondglass.com,0,17,36,24
crossroadsunlimitedinc.org,5,16,37,50
royalpress.com,0,305,39,60
drpelectric.com,1,10,39,9
allproroofingsi.com,2,2050,40,35
rosascirigliano.com,4,4652,41,1
illuminetmedia.com,0,2120,41,0
vinodivinoschoolofwine.com,3,62,43,54
cutronaarchitecture.com,2,8,43,27
drtaherismiles.com,0,34,43,1
koshylawfirm.com,1,122,44,12
teammucci.com,0,230,45,7
cleanswiftnyc.com,3,51,45,1
southshorestatenislandhomesforsale.com,0,70,45,1
mpcpas.com,2,37,45,0
klingrealestateltd.com,0,24,47,10
postexterminating.com,0,81,49,50
fpcamerica.com,2,54,49,2
ilpallinosi.com,2,52,51,12
totalelectricny.com,0,8,52,44
milleniummedbill.com,0,3,52,24
collercpa.com,1,36,54,27
michaelsmovingusa.com,1,204,57,59
aj-powerwashing.com,0,7,57,24
jmtmedia.nyc,9,87,58,20
gibraltartransmissions.com,2,372,60,149
thriftyexterminating.com,1,38,61,27
mangielectricalcorp.com,2,33,63,2
prosho.com,14,72,65,73
avisdds.com,5,54,67,20
promptuc.com,18,87,69,84
juicylucybbq.com,2,8,69,81
a-1servicemasters.com,0,64,70,23
sagonalandscaping.com,2,153,71,31
savobrothers.com,1,72,71,19
auroracomputer.com,5,187,71,10
bobslocksmith.com,2,90,72,241
holtermannsbakery.webs.com,1,76,72,169
siaudiological.com,2,92,73,74
marcowsg.com,2,231,73,12
richmondcontainer.com,0,35,73,7
brightonusa.biz,1,345,75,80
movingpicturesnyc.com,20,1333,76,2
evaappraisals.com,6,38,78,11
vintagewinesinc.com,1,64,81,24
metrolube.com,0,58,82,90
troinet.com,6,417,82,25
opticalpavilion.com,0,165,84,77
brownsenergy.com,5,240,85,98
homeportwinesnyc.com,2,8,85,2
oceanviewcemetery.net,6,122,86,411
cr-si.org,7,64,88,113
ffcenergy.com,7,193,88,77
ceejayrealestatedev.com,4,47,89,29
aaacpallp.com,0,172,89,24
troostbros.com,1,85,90,67
utasi.org,20,508,90,3
tri-starconstruction.com,2,1438,95,63
victoryworldwide.com,10,823,95,45
chargemediagroup.com,7,160,98,28
richmondaluminum.com,0,769,99,89
paulofinancialadvisors.com,1,61,99,15
kitchensnthings.com,1,76,102,260
maffeofoundation.org,0,13,103,44
leporelaw.com,8,6365,107,53
hallandhalllaw.com,0,186,107,42
statwoodwindows.com,1,64,110,59
bioonenynj.com,20,869,110,1
pooltherapist.com,8,183,113,69
statenlaw.com,8,64,113,48
dileospizzasi.com,1,51,115,125
thecakechef.com,2,17,117,485
advancelocksi.com,1,446,117,200
smilestatenisland.com,3,207,121,10
drennanmovers.com,24,543,124,107
statenweb.com,43,766567,124,43
safehrbr.com,0,42,128,36
theoldbermudainn.com,18,2454,129,1005
viksfinejewelry.com,3,61,132,39
sinfpa.org,11,30,134,10
capehousegallery.com,2,219,136,21
sirocksny.com,2,105,145,52
powerflosewerservice.com,13,274,148,42
tasteofhoney.com,6,304,151,138
thevonagency.com,10,69684,156,28
breezinhvac.com,26,868,158,73
dkscpa.com,1,147,158,2
webuildnyc.com,25,1098,164,15
sweetbrookgardencenter.com,0,128,165,75
unlimitedpest.com,13,3123,167,15
rothins.com,1,124,168,180
childrenatplayeic.org,2,39,172,285
greggmechanical.com,4,242,177,73
cloveauto.com,3,412,177,6
spotlighttheatresi.org,16,70,182,278
deckmastercompany.com,6,291,183,87
sparepairvisioncenter.com,0,585,190,127
aamcostatenisland.com,4,328,191,20
dependableautobody.com,16,181,192,134
northfieldldc.org,24,382,194,45
heroldinc.com,33,117,195,89
brownieshobbies.com,21,342,198,146
sicatering.com,9,211,199,320
silverlakeapartments.net,0,56,211,124
childrensharbormontessori.com,10,160,213,103
ventocpa.com,41,57929,221,167
eger.org,29,778,222,597
salmonrealestate.com,9,595,222,116
threesonsprinting.com,5,337,234,42
siciliving.org,33,118,236,25
cascsiny.org,3,32,239,214
boutiqueboutiquenyc.com,4,46,239,122
gcny.org,17,292,241,249
encorerealestateagents.com,5,352,244,86
thumplocal.net,73,233936,246,113
valpaksi.com,65,5329,246,68
elanhairandnailssi.com,1,36,250,56
islandchateau.com,8,163,251,253
beyarsmarket.com,2,439,252,152
ruccioil.com,1,646,254,80
italianissimony.com,4,109,257,382
informbusiness.com,1,23,260,3
mrsrosemarys.com,2,58,262,118
millerslaunch.com,15,215,264,225
bymedicalbilling.com,2,265,265,4
rocksolidyards.com,1,428,268,48
gaetainc.com,6,124,272,468
trattoriaromanasi.com,4,56,277,579
rpminsurance.com,10,930,277,112
shamrockpaints.com,2,51,280,92
castellanoshouseofmusic.com,9,1013,284,288
ourislandrealestate.com,6,57,286,163
jodysclubforest.com,2,156,288,183
grandoaksnyc.com,27,783,289,353
casa-belvedere.org,28,819,293,237
echoorganization.org,15,146,293,118
avspny.org,28,154,295,206
westshoreinn.com,4,165,305,776
annadaleterrace.com,2,152,312,929
partnersinsound.com,42,1787,317,174
maizalrestaurant.com,12,482,323,399
tekiegeek.com,17,340,335,42
magicxstudios.com,70,53953,338,79
graceofny.org,15,261,344,279
leenolan.com,6,264,344,113
wonicarealtors.com,5,943,364,85
pccsny.org,19,409,366,145
potterlamarca.com,4,116,376,20
montalbanospools-spas.com,6,1079,379,604
sandyhookpilots.com,26,254,382,210
vnasi.org,7,281,382,195
onyourmark.org,26,1431,391,769
adobeblues.com,12,392,396,405
mealsonwheelsofstatenisland.com,17,202,397,80
celebrateatsnugharbor.com,27,2568,398,556
chefmikesrodizio.com,3,131,401,160
matrixcompanies.com,29,613,412,306
chasiny.org,32,705,416,277
sofiastaquerianyc.com,2,25,418,178
statenislandhomesearch.com,21,1118,436,235
woofandtailslodge.com,1,606,438,478
country-awards.com,2,21,443,19
killmeyers.com,22,1277,446,514
camelotcounseling.org,9,264,453,264
wiesnerbros.com,1,340,457,168
vanderbiltsouthbeach.com,30,2002,462,590
digitaledge.net,31,2650,465,331
garibaldimeuccimuseum.org,31,1803,469,594
grand-plaza.com,27,2170,472,332
thestaaten.com,22,349,483,744
trimalawn.net,19,184,495,123
drscafuri.com,16,172,499,1231
cafelunanyc.com,2,217,508,503
masterrealtors.net,7,137,515,96
afamilyflorist.com,3,410,521,325
etgstores.com,32,1599,544,821
auntbutchiesofbrooklyn.com,11,621,558,1762
cornerhousebbq.com,8,131,563,358
briosorestaurants.com,12,153,565,2480
scamardellafuneralhome.com,1,80,565,182
integrationcharterschools.org,7,806,573,166
ciropizzacafes.com,3,130,575,1483
lfdsi.org,18,736,583,201
tomco.co,61,59084,586,156
victorystatebank.com,22,926,603,1129
mandarinochiropractic.com,5,279,617,232
coastalsupplygroup.com,32,897,628,802
thenewmillenniumtrainingcenter.com,15,19169,629,125
seamenssociety.org,23,314,659,227
relevantpr.com,16,1299,670,181
officespacestatenisland.com,20,1019,676,334
reliableoffice.com,22,114,688,622
realestateplanninglaw.com,9,390,692,161
violettescellar.com,16,127,701,295
muss.com,34,4922,705,391
richmondcountycc.org,26,537,708,832
alpha-imaging.com,12,1002,711,465
fuggettapools.com,2,241,731,142
alfonsospastries.com,17,422,734,579
hca-si.com,6,596,740,819
silverlakegolf.com,22,1827,753,1268
garberbuilding.com,3,156,761,374
bobmims.com,3,266,784,272
projecthospitality.org,39,2169,798,540
joeandpatsny.com,13,175,834,1240
afbennett.com,21,812,835,394
deninossi.com,28,323,840,1567
samgregoriosflorist.com,11,387,849,288
angelinasristorante.com,39,887,852,2161
unitedactivities.org,16,214,861,647
triangleequities.com,31,703,869,362
relaxoncloud9.com,5,771,887,502
thebrielle.com,10,348,912,324
foxfloorsstatenisland.com,0,45,918,172
barrysautobody.com,5,590,942,372
supremememorials.com,21,582,984,283
williamseyeworks.com,16,326,1097,656
nycid.org,36,3648,1150,1433
sundogtheatre.org,31,1671,1161,171
aglawnyc.com,29,6970,1177,292
bedellpizzo.com,2,467,1184,698
pac-plumbing.com,10,308,1236,268
marinacafesiny.com,4,210,1260,2031
hollywiesnerolivieri.com,26,700,1269,227
tireempire.com,8,446,1315,784
alrcorp.nyc,3,750,1316,24
richmondchandelier.com,0,98,1333,228
makerspace.nyc,43,12105,1393,923
partyonthegrill.com,42,3182,1407,2769
flowersbybernard.com,12,1127,1435,475
moravianflorist.com,14,784,1603,725
sifunpark.com,24,434,1658,1033
esbna.com,28,7885,1703,1076
cutestcookies.com,10,407,1707,310
geraldpetersinc.com,23,561,1723,370
cookmaran.com,33,44061,1750,1082
scaran.com,23,1360,1758,479
notredameacademy.org,33,471,1762,1108
gatewayarmsrealty.com,22,1527,1813,714
thestonehousesi.com,21,451,1815,1378
lighthousemuseum.org,41,3030,1911,497
gillanihomes.com,10,340,1989,430
sichamber.com,44,8449,2003,500
hicofsi.org,13,424,2179,173
islandautogroup.com,12,719,2180,1528
gothamsi.com,3,134760,2222,408
clarksflorist.com,11,888,2239,1232
statenislandacademy.org,32,3857,2241,3664
pridecentersi.org,42,4028,2241,691
donjonrecycling.com,6,551,2356,869
casandraproperties.com,12,4439,2361,615
wickedstitchesgifts.com,11,145,2423,196
richmondvalleyvet.com,17,5357,2492,624
bonfiglioasteritalaw.com,6,106,2565,556
atiofny.com,25,579,2647,2114
5050skatepark.com,26,1416,2654,447
martino-realty.com,16,716,2913,183
bayharbormotors.com,25,233,2955,609
defalcorealty.com,36,12176,3010,1382
eden2.org,41,2393,3129,2449
mazarsusa.com,50,585538,3484,2987
sijcc.org,36,5181,3495,1859
idbny.com,54,1940,3527,2435
matthewfuneralhome.com,5,366,3723,1877
pastosa.com/,30,1747,3933,4755
bowlatrabs.com,33,844,4004,1574
edsisolutions.com,39,4997,4028,3648
statenislandarts.org,49,12796,4036,524
siborrealtors.com,37,21471,4095,3568
costellosace.com,23,914,4211,3371
casalejewelers.net,24,563,4300,533
historicrichmondtown.org,52,19936,4313,2671
scaliahome.com,9,558,4564,1811
pfnyc.org,57,9530,4947,1209
statenislandmuseum.org,51,7892,5463,1877
colonialfuneralhomesi.com,15,236594,5515,3523
kamconewyork.com,28,1856,5982,2693
hookreel.com,22,1283,6347,3065
snug-harbor.org,61,24620,7362,6118
childrensaidnyc.org,56,8501,7601,5355
bsa-gnyc.org,46,516989,7707,4180
signatureny.com,52,10462,8816,21028
rumcsi.org,38,70605,10479,6888
siths.org,31,937,12391,4231
siparent.com,34,22209,13243,4480
nyssbdc.org,59,404074,13432,3864
stgeorgetheatre.com,49,116296,14659,5520
statenislandmall.com,28,3373,36417,22181
wagner.edu,62,88465,51537,30936
silive.com,78,983912,527436,401271